"id";"idMovie";"idGenre";"createdAt";"updatedAt"
1;5;2;"2022-05-01 00:22:03";"2022-05-01 00:22:03"
2;85;4;"2022-05-01 00:22:03";"2022-05-01 00:22:03"
3;112;1;"2022-05-01 00:22:03";"2022-05-01 00:22:03"
4;345;6;"2022-05-01 00:22:03";"2022-05-01 00:22:03"
5;350;4;"2022-05-01 00:22:03";"2022-05-01 00:22:03"
6;49;9;"2022-05-01 00:22:03";"2022-05-01 00:22:03"
7;21;8;"2022-05-01 00:22:03";"2022-05-01 00:22:03"
8;415;3;"2022-05-01 00:22:03";"2022-05-01 00:22:03"
9;87;3;"2022-05-01 00:22:03";"2022-05-01 00:22:03"
10;40;7;"2022-05-01 00:22:03";"2022-05-01 00:22:03"
11;426;9;"2022-05-01 00:22:03";"2022-05-01 00:22:03"
12;81;3;"2022-05-01 00:22:03";"2022-05-01 00:22:03"
13;99;5;"2022-05-01 00:22:03";"2022-05-01 00:22:03"
14;143;9;"2022-05-01 00:22:03";"2022-05-01 00:22:03"
15;174;6;"2022-05-01 00:22:03";"2022-05-01 00:22:03"
16;7;7;"2022-05-01 00:22:03";"2022-05-01 00:22:03"
17;197;2;"2022-05-01 00:22:03";"2022-05-01 00:22:03"
18;200;7;"2022-05-01 00:22:03";"2022-05-01 00:22:03"
19;115;5;"2022-05-01 00:22:03";"2022-05-01 00:22:03"
20;430;5;"2022-05-01 00:22:03";"2022-05-01 00:22:03"
21;245;4;"2022-05-01 00:22:03";"2022-05-01 00:22:03"
22;164;2;"2022-05-01 00:22:03";"2022-05-01 00:22:03"
23;50;6;"2022-05-01 00:22:03";"2022-05-01 00:22:03"
24;69;7;"2022-05-01 00:22:03";"2022-05-01 00:22:03"
25;313;7;"2022-05-01 00:22:03";"2022-05-01 00:22:03"
26;42;1;"2022-05-01 00:22:03";"2022-05-01 00:22:03"
27;239;1;"2022-05-01 00:22:03";"2022-05-01 00:22:03"
28;363;6;"2022-05-01 00:22:03";"2022-05-01 00:22:03"
29;19;2;"2022-05-01 00:22:03";"2022-05-01 00:22:03"
30;33;7;"2022-05-01 00:22:03";"2022-05-01 00:22:03"
31;97;7;"2022-05-01 00:22:03";"2022-05-01 00:22:03"
32;318;6;"2022-05-01 00:22:03";"2022-05-01 00:22:03"
33;249;8;"2022-05-01 00:22:03";"2022-05-01 00:22:03"
34;245;10;"2022-05-01 00:22:03";"2022-05-01 00:22:03"
35;341;3;"2022-05-01 00:22:03";"2022-05-01 00:22:03"
36;98;7;"2022-05-01 00:22:03";"2022-05-01 00:22:03"
37;352;3;"2022-05-01 00:22:03";"2022-05-01 00:22:03"
38;275;2;"2022-05-01 00:22:03";"2022-05-01 00:22:03"
39;139;6;"2022-05-01 00:22:03";"2022-05-01 00:22:03"
40;115;4;"2022-05-01 00:22:03";"2022-05-01 00:22:03"
41;31;2;"2022-05-01 00:22:03";"2022-05-01 00:22:03"
42;254;1;"2022-05-01 00:22:03";"2022-05-01 00:22:03"
43;231;2;"2022-05-01 00:22:03";"2022-05-01 00:22:03"
44;33;2;"2022-05-01 00:22:03";"2022-05-01 00:22:03"
45;429;6;"2022-05-01 00:22:03";"2022-05-01 00:22:03"
46;143;5;"2022-05-01 00:22:03";"2022-05-01 00:22:03"
47;202;8;"2022-05-01 00:22:03";"2022-05-01 00:22:03"
48;49;10;"2022-05-01 00:22:03";"2022-05-01 00:22:03"
49;90;5;"2022-05-01 00:22:03";"2022-05-01 00:22:03"
50;63;2;"2022-05-01 00:22:03";"2022-05-01 00:22:03"
51;226;1;"2022-05-01 00:22:03";"2022-05-01 00:22:03"
52;159;2;"2022-05-01 00:22:03";"2022-05-01 00:22:03"
53;96;2;"2022-05-01 00:22:03";"2022-05-01 00:22:03"
54;410;7;"2022-05-01 00:22:03";"2022-05-01 00:22:03"
55;103;5;"2022-05-01 00:22:03";"2022-05-01 00:22:03"
56;76;6;"2022-05-01 00:22:03";"2022-05-01 00:22:03"
57;332;10;"2022-05-01 00:22:03";"2022-05-01 00:22:03"
58;353;7;"2022-05-01 00:22:03";"2022-05-01 00:22:03"
59;381;9;"2022-05-01 00:22:03";"2022-05-01 00:22:03"
60;50;3;"2022-05-01 00:22:03";"2022-05-01 00:22:03"
61;132;8;"2022-05-01 00:22:03";"2022-05-01 00:22:03"
62;43;7;"2022-05-01 00:22:03";"2022-05-01 00:22:03"
63;286;8;"2022-05-01 00:22:03";"2022-05-01 00:22:03"
64;209;2;"2022-05-01 00:22:03";"2022-05-01 00:22:03"
65;279;7;"2022-05-01 00:22:03";"2022-05-01 00:22:03"
66;355;3;"2022-05-01 00:22:03";"2022-05-01 00:22:03"
67;145;6;"2022-05-01 00:22:03";"2022-05-01 00:22:03"
68;35;9;"2022-05-01 00:22:03";"2022-05-01 00:22:03"
69;252;9;"2022-05-01 00:22:03";"2022-05-01 00:22:03"
70;219;6;"2022-05-01 00:22:03";"2022-05-01 00:22:03"
71;53;6;"2022-05-01 00:22:03";"2022-05-01 00:22:03"
72;306;8;"2022-05-01 00:22:03";"2022-05-01 00:22:03"
73;427;7;"2022-05-01 00:22:03";"2022-05-01 00:22:03"
74;313;2;"2022-05-01 00:22:03";"2022-05-01 00:22:03"
75;29;1;"2022-05-01 00:22:03";"2022-05-01 00:22:03"
76;392;1;"2022-05-01 00:22:03";"2022-05-01 00:22:03"
77;424;9;"2022-05-01 00:22:03";"2022-05-01 00:22:03"
78;385;1;"2022-05-01 00:22:03";"2022-05-01 00:22:03"
79;179;7;"2022-05-01 00:22:03";"2022-05-01 00:22:03"
80;386;5;"2022-05-01 00:22:03";"2022-05-01 00:22:03"
81;322;6;"2022-05-01 00:22:03";"2022-05-01 00:22:03"
82;63;5;"2022-05-01 00:22:03";"2022-05-01 00:22:03"
83;257;4;"2022-05-01 00:22:03";"2022-05-01 00:22:03"
84;2;10;"2022-05-01 00:22:03";"2022-05-01 00:22:03"
85;35;5;"2022-05-01 00:22:03";"2022-05-01 00:22:03"
86;240;7;"2022-05-01 00:22:03";"2022-05-01 00:22:03"
87;418;9;"2022-05-01 00:22:03";"2022-05-01 00:22:03"
88;188;9;"2022-05-01 00:22:03";"2022-05-01 00:22:03"
89;18;2;"2022-05-01 00:22:03";"2022-05-01 00:22:03"
90;273;5;"2022-05-01 00:22:03";"2022-05-01 00:22:03"
91;212;9;"2022-05-01 00:22:03";"2022-05-01 00:22:03"
92;26;9;"2022-05-01 00:22:03";"2022-05-01 00:22:03"
93;172;9;"2022-05-01 00:22:03";"2022-05-01 00:22:03"
94;21;6;"2022-05-01 00:22:03";"2022-05-01 00:22:03"
95;361;9;"2022-05-01 00:22:03";"2022-05-01 00:22:03"
96;97;4;"2022-05-01 00:22:03";"2022-05-01 00:22:03"
97;219;2;"2022-05-01 00:22:03";"2022-05-01 00:22:03"
98;337;1;"2022-05-01 00:22:03";"2022-05-01 00:22:03"
99;106;7;"2022-05-01 00:22:03";"2022-05-01 00:22:03"
100;376;10;"2022-05-01 00:22:03";"2022-05-01 00:22:03"
101;297;10;"2022-05-01 00:22:03";"2022-05-01 00:22:03"
102;39;5;"2022-05-01 00:22:03";"2022-05-01 00:22:03"
103;284;6;"2022-05-01 00:22:03";"2022-05-01 00:22:03"
104;50;2;"2022-05-01 00:22:03";"2022-05-01 00:22:03"
105;425;10;"2022-05-01 00:22:03";"2022-05-01 00:22:03"
106;155;7;"2022-05-01 00:22:03";"2022-05-01 00:22:03"
107;398;7;"2022-05-01 00:22:03";"2022-05-01 00:22:03"
108;219;5;"2022-05-01 00:22:03";"2022-05-01 00:22:03"
109;42;3;"2022-05-01 00:22:03";"2022-05-01 00:22:03"
110;281;1;"2022-05-01 00:22:03";"2022-05-01 00:22:03"
111;264;2;"2022-05-01 00:22:03";"2022-05-01 00:22:03"
112;324;7;"2022-05-01 00:22:03";"2022-05-01 00:22:03"
113;140;3;"2022-05-01 00:22:03";"2022-05-01 00:22:03"
114;129;6;"2022-05-01 00:22:03";"2022-05-01 00:22:03"
115;50;8;"2022-05-01 00:22:03";"2022-05-01 00:22:03"
116;24;2;"2022-05-01 00:22:03";"2022-05-01 00:22:03"
117;261;2;"2022-05-01 00:22:03";"2022-05-01 00:22:03"
118;385;8;"2022-05-01 00:22:03";"2022-05-01 00:22:03"
119;127;8;"2022-05-01 00:22:03";"2022-05-01 00:22:03"
120;411;2;"2022-05-01 00:22:03";"2022-05-01 00:22:03"
121;401;1;"2022-05-01 00:22:03";"2022-05-01 00:22:03"
122;145;1;"2022-05-01 00:22:03";"2022-05-01 00:22:03"
123;68;4;"2022-05-01 00:22:03";"2022-05-01 00:22:03"
124;66;9;"2022-05-01 00:22:03";"2022-05-01 00:22:03"
125;18;8;"2022-05-01 00:22:03";"2022-05-01 00:22:03"
126;172;2;"2022-05-01 00:22:03";"2022-05-01 00:22:03"
127;102;8;"2022-05-01 00:22:03";"2022-05-01 00:22:03"
128;198;9;"2022-05-01 00:22:03";"2022-05-01 00:22:03"
129;225;5;"2022-05-01 00:22:03";"2022-05-01 00:22:03"
130;131;2;"2022-05-01 00:22:03";"2022-05-01 00:22:03"
131;57;3;"2022-05-01 00:22:03";"2022-05-01 00:22:03"
132;130;9;"2022-05-01 00:22:03";"2022-05-01 00:22:03"
133;395;5;"2022-05-01 00:22:03";"2022-05-01 00:22:03"
134;314;4;"2022-05-01 00:22:03";"2022-05-01 00:22:03"
135;399;9;"2022-05-01 00:22:03";"2022-05-01 00:22:03"
136;190;8;"2022-05-01 00:22:03";"2022-05-01 00:22:03"
137;215;9;"2022-05-01 00:22:03";"2022-05-01 00:22:03"
138;201;1;"2022-05-01 00:22:03";"2022-05-01 00:22:03"
139;255;8;"2022-05-01 00:22:03";"2022-05-01 00:22:03"
140;117;4;"2022-05-01 00:22:03";"2022-05-01 00:22:03"
141;369;9;"2022-05-01 00:22:03";"2022-05-01 00:22:03"
142;270;2;"2022-05-01 00:22:03";"2022-05-01 00:22:03"
143;122;9;"2022-05-01 00:22:03";"2022-05-01 00:22:03"
144;21;7;"2022-05-01 00:22:03";"2022-05-01 00:22:03"
145;430;8;"2022-05-01 00:22:03";"2022-05-01 00:22:03"
146;242;7;"2022-05-01 00:22:03";"2022-05-01 00:22:03"
147;330;2;"2022-05-01 00:22:03";"2022-05-01 00:22:03"
148;156;5;"2022-05-01 00:22:03";"2022-05-01 00:22:03"
149;297;5;"2022-05-01 00:22:03";"2022-05-01 00:22:03"
150;321;7;"2022-05-01 00:22:03";"2022-05-01 00:22:03"
151;70;8;"2022-05-01 00:22:03";"2022-05-01 00:22:03"
152;254;8;"2022-05-01 00:22:03";"2022-05-01 00:22:03"
153;84;6;"2022-05-01 00:22:03";"2022-05-01 00:22:03"
154;364;3;"2022-05-01 00:22:03";"2022-05-01 00:22:03"
155;281;4;"2022-05-01 00:22:03";"2022-05-01 00:22:03"
156;199;3;"2022-05-01 00:22:03";"2022-05-01 00:22:03"
157;2;2;"2022-05-01 00:22:03";"2022-05-01 00:22:03"
158;263;9;"2022-05-01 00:22:03";"2022-05-01 00:22:03"
159;58;1;"2022-05-01 00:22:03";"2022-05-01 00:22:03"
160;430;4;"2022-05-01 00:22:03";"2022-05-01 00:22:03"
161;404;7;"2022-05-01 00:22:03";"2022-05-01 00:22:03"
162;79;10;"2022-05-01 00:22:03";"2022-05-01 00:22:03"
163;297;7;"2022-05-01 00:22:03";"2022-05-01 00:22:03"
164;183;6;"2022-05-01 00:22:03";"2022-05-01 00:22:03"
165;114;8;"2022-05-01 00:22:03";"2022-05-01 00:22:03"
166;40;6;"2022-05-01 00:22:03";"2022-05-01 00:22:03"
167;69;2;"2022-05-01 00:22:03";"2022-05-01 00:22:03"
168;203;3;"2022-05-01 00:22:03";"2022-05-01 00:22:03"
169;294;8;"2022-05-01 00:22:03";"2022-05-01 00:22:03"
170;100;6;"2022-05-01 00:22:03";"2022-05-01 00:22:03"
171;168;6;"2022-05-01 00:22:03";"2022-05-01 00:22:03"
172;250;4;"2022-05-01 00:22:03";"2022-05-01 00:22:03"
173;138;10;"2022-05-01 00:22:03";"2022-05-01 00:22:03"
174;366;3;"2022-05-01 00:22:03";"2022-05-01 00:22:03"
175;384;10;"2022-05-01 00:22:03";"2022-05-01 00:22:03"
176;153;7;"2022-05-01 00:22:03";"2022-05-01 00:22:03"
177;224;9;"2022-05-01 00:22:03";"2022-05-01 00:22:03"
178;163;7;"2022-05-01 00:22:03";"2022-05-01 00:22:03"
179;220;8;"2022-05-01 00:22:03";"2022-05-01 00:22:03"
180;364;8;"2022-05-01 00:22:03";"2022-05-01 00:22:03"
181;210;4;"2022-05-01 00:22:03";"2022-05-01 00:22:03"
182;173;7;"2022-05-01 00:22:03";"2022-05-01 00:22:03"
183;34;10;"2022-05-01 00:22:03";"2022-05-01 00:22:03"
184;216;3;"2022-05-01 00:22:03";"2022-05-01 00:22:03"
185;143;8;"2022-05-01 00:22:03";"2022-05-01 00:22:03"
186;422;6;"2022-05-01 00:22:03";"2022-05-01 00:22:03"
187;228;4;"2022-05-01 00:22:03";"2022-05-01 00:22:03"
188;231;10;"2022-05-01 00:22:03";"2022-05-01 00:22:03"
189;162;1;"2022-05-01 00:22:03";"2022-05-01 00:22:03"
190;107;10;"2022-05-01 00:22:03";"2022-05-01 00:22:03"
191;285;4;"2022-05-01 00:22:03";"2022-05-01 00:22:03"
192;31;4;"2022-05-01 00:22:03";"2022-05-01 00:22:03"
193;244;9;"2022-05-01 00:22:03";"2022-05-01 00:22:03"
194;286;5;"2022-05-01 00:22:03";"2022-05-01 00:22:03"
195;375;7;"2022-05-01 00:22:03";"2022-05-01 00:22:03"
196;207;6;"2022-05-01 00:22:03";"2022-05-01 00:22:03"
197;361;7;"2022-05-01 00:22:03";"2022-05-01 00:22:03"
198;207;9;"2022-05-01 00:22:03";"2022-05-01 00:22:03"
199;184;9;"2022-05-01 00:22:03";"2022-05-01 00:22:03"
200;209;4;"2022-05-01 00:22:03";"2022-05-01 00:22:03"
201;41;5;"2022-05-01 00:22:03";"2022-05-01 00:22:03"
202;379;1;"2022-05-01 00:22:03";"2022-05-01 00:22:03"
203;399;6;"2022-05-01 00:22:03";"2022-05-01 00:22:03"
204;80;4;"2022-05-01 00:22:03";"2022-05-01 00:22:03"
205;409;1;"2022-05-01 00:22:03";"2022-05-01 00:22:03"
206;227;8;"2022-05-01 00:22:03";"2022-05-01 00:22:03"
207;394;8;"2022-05-01 00:22:03";"2022-05-01 00:22:03"
208;188;8;"2022-05-01 00:22:03";"2022-05-01 00:22:03"
209;147;7;"2022-05-01 00:22:03";"2022-05-01 00:22:03"
210;211;5;"2022-05-01 00:22:03";"2022-05-01 00:22:03"
211;39;9;"2022-05-01 00:22:03";"2022-05-01 00:22:03"
212;85;6;"2022-05-01 00:22:03";"2022-05-01 00:22:03"
213;95;9;"2022-05-01 00:22:03";"2022-05-01 00:22:03"
214;34;8;"2022-05-01 00:22:03";"2022-05-01 00:22:03"
215;35;1;"2022-05-01 00:22:03";"2022-05-01 00:22:03"
216;175;10;"2022-05-01 00:22:03";"2022-05-01 00:22:03"
217;29;5;"2022-05-01 00:22:03";"2022-05-01 00:22:03"
218;166;5;"2022-05-01 00:22:03";"2022-05-01 00:22:03"
219;419;3;"2022-05-01 00:22:03";"2022-05-01 00:22:03"
220;128;2;"2022-05-01 00:22:03";"2022-05-01 00:22:03"
221;370;2;"2022-05-01 00:22:03";"2022-05-01 00:22:03"
222;174;3;"2022-05-01 00:22:03";"2022-05-01 00:22:03"
223;125;8;"2022-05-01 00:22:03";"2022-05-01 00:22:03"
224;146;2;"2022-05-01 00:22:03";"2022-05-01 00:22:03"
225;276;5;"2022-05-01 00:22:03";"2022-05-01 00:22:03"
226;8;5;"2022-05-01 00:22:03";"2022-05-01 00:22:03"
227;15;2;"2022-05-01 00:22:03";"2022-05-01 00:22:03"
228;302;9;"2022-05-01 00:22:03";"2022-05-01 00:22:03"
229;157;1;"2022-05-01 00:22:03";"2022-05-01 00:22:03"
230;307;7;"2022-05-01 00:22:03";"2022-05-01 00:22:03"
231;303;4;"2022-05-01 00:22:03";"2022-05-01 00:22:03"
232;23;1;"2022-05-01 00:22:03";"2022-05-01 00:22:03"
233;10;6;"2022-05-01 00:22:03";"2022-05-01 00:22:03"
234;10;5;"2022-05-01 00:22:03";"2022-05-01 00:22:03"
235;323;7;"2022-05-01 00:22:03";"2022-05-01 00:22:03"
236;304;5;"2022-05-01 00:22:03";"2022-05-01 00:22:03"
237;86;6;"2022-05-01 00:22:03";"2022-05-01 00:22:03"
238;45;4;"2022-05-01 00:22:03";"2022-05-01 00:22:03"
239;31;3;"2022-05-01 00:22:03";"2022-05-01 00:22:03"
240;230;7;"2022-05-01 00:22:03";"2022-05-01 00:22:03"
241;187;1;"2022-05-01 00:22:03";"2022-05-01 00:22:03"
242;270;3;"2022-05-01 00:22:03";"2022-05-01 00:22:03"
243;8;6;"2022-05-01 00:22:03";"2022-05-01 00:22:03"
244;137;8;"2022-05-01 00:22:03";"2022-05-01 00:22:03"
245;395;9;"2022-05-01 00:22:03";"2022-05-01 00:22:03"
246;51;1;"2022-05-01 00:22:03";"2022-05-01 00:22:03"
247;317;8;"2022-05-01 00:22:03";"2022-05-01 00:22:03"
248;269;9;"2022-05-01 00:22:03";"2022-05-01 00:22:03"
249;129;9;"2022-05-01 00:22:03";"2022-05-01 00:22:03"
250;115;3;"2022-05-01 00:22:03";"2022-05-01 00:22:03"
251;359;9;"2022-05-01 00:22:03";"2022-05-01 00:22:03"
252;267;5;"2022-05-01 00:22:03";"2022-05-01 00:22:03"
253;44;5;"2022-05-01 00:22:03";"2022-05-01 00:22:03"
254;426;10;"2022-05-01 00:22:03";"2022-05-01 00:22:03"
255;31;10;"2022-05-01 00:22:03";"2022-05-01 00:22:03"
256;298;9;"2022-05-01 00:22:03";"2022-05-01 00:22:03"
257;16;10;"2022-05-01 00:22:03";"2022-05-01 00:22:03"
258;254;2;"2022-05-01 00:22:03";"2022-05-01 00:22:03"
259;371;9;"2022-05-01 00:22:03";"2022-05-01 00:22:03"
260;130;1;"2022-05-01 00:22:03";"2022-05-01 00:22:03"
261;409;5;"2022-05-01 00:22:03";"2022-05-01 00:22:03"
262;149;9;"2022-05-01 00:22:03";"2022-05-01 00:22:03"
263;22;6;"2022-05-01 00:22:03";"2022-05-01 00:22:03"
264;197;1;"2022-05-01 00:22:03";"2022-05-01 00:22:03"
265;192;10;"2022-05-01 00:22:03";"2022-05-01 00:22:03"
266;392;6;"2022-05-01 00:22:03";"2022-05-01 00:22:03"
267;322;7;"2022-05-01 00:22:03";"2022-05-01 00:22:03"
268;112;6;"2022-05-01 00:22:03";"2022-05-01 00:22:03"
269;318;9;"2022-05-01 00:22:03";"2022-05-01 00:22:03"
270;233;2;"2022-05-01 00:22:03";"2022-05-01 00:22:03"
271;351;6;"2022-05-01 00:22:03";"2022-05-01 00:22:03"
272;104;7;"2022-05-01 00:22:03";"2022-05-01 00:22:03"
273;37;1;"2022-05-01 00:22:03";"2022-05-01 00:22:03"
274;16;8;"2022-05-01 00:22:03";"2022-05-01 00:22:03"
275;248;8;"2022-05-01 00:22:03";"2022-05-01 00:22:03"
276;197;9;"2022-05-01 00:22:03";"2022-05-01 00:22:03"
277;384;5;"2022-05-01 00:22:03";"2022-05-01 00:22:03"
278;160;1;"2022-05-01 00:22:03";"2022-05-01 00:22:03"
279;244;2;"2022-05-01 00:22:03";"2022-05-01 00:22:03"
280;320;2;"2022-05-01 00:22:03";"2022-05-01 00:22:03"
281;183;1;"2022-05-01 00:22:03";"2022-05-01 00:22:03"
282;207;4;"2022-05-01 00:22:03";"2022-05-01 00:22:03"
283;405;9;"2022-05-01 00:22:03";"2022-05-01 00:22:03"
284;53;5;"2022-05-01 00:22:03";"2022-05-01 00:22:03"
285;141;8;"2022-05-01 00:22:03";"2022-05-01 00:22:03"
286;272;2;"2022-05-01 00:22:03";"2022-05-01 00:22:03"
287;312;5;"2022-05-01 00:22:03";"2022-05-01 00:22:03"
288;333;5;"2022-05-01 00:22:03";"2022-05-01 00:22:03"
289;208;2;"2022-05-01 00:22:03";"2022-05-01 00:22:03"
290;374;3;"2022-05-01 00:22:03";"2022-05-01 00:22:03"
291;366;5;"2022-05-01 00:22:03";"2022-05-01 00:22:03"
292;51;8;"2022-05-01 00:22:03";"2022-05-01 00:22:03"
293;424;7;"2022-05-01 00:22:03";"2022-05-01 00:22:03"
294;84;9;"2022-05-01 00:22:03";"2022-05-01 00:22:03"
295;252;1;"2022-05-01 00:22:03";"2022-05-01 00:22:03"
296;111;5;"2022-05-01 00:22:03";"2022-05-01 00:22:03"
297;230;1;"2022-05-01 00:22:03";"2022-05-01 00:22:03"
298;59;2;"2022-05-01 00:22:03";"2022-05-01 00:22:03"
299;297;2;"2022-05-01 00:22:03";"2022-05-01 00:22:03"
300;79;6;"2022-05-01 00:22:03";"2022-05-01 00:22:03"
301;247;7;"2022-05-01 00:22:03";"2022-05-01 00:22:03"
302;273;6;"2022-05-01 00:22:03";"2022-05-01 00:22:03"
303;295;5;"2022-05-01 00:22:03";"2022-05-01 00:22:03"
304;129;5;"2022-05-01 00:22:03";"2022-05-01 00:22:03"
305;114;2;"2022-05-01 00:22:03";"2022-05-01 00:22:03"
306;395;1;"2022-05-01 00:22:03";"2022-05-01 00:22:03"
307;388;5;"2022-05-01 00:22:03";"2022-05-01 00:22:03"
308;291;9;"2022-05-01 00:22:03";"2022-05-01 00:22:03"
309;316;6;"2022-05-01 00:22:03";"2022-05-01 00:22:03"
310;88;7;"2022-05-01 00:22:03";"2022-05-01 00:22:03"
311;366;7;"2022-05-01 00:22:03";"2022-05-01 00:22:03"
312;315;10;"2022-05-01 00:22:03";"2022-05-01 00:22:03"
313;125;1;"2022-05-01 00:22:03";"2022-05-01 00:22:03"
314;8;2;"2022-05-01 00:22:03";"2022-05-01 00:22:03"
315;406;4;"2022-05-01 00:22:03";"2022-05-01 00:22:03"
316;362;4;"2022-05-01 00:22:03";"2022-05-01 00:22:03"
317;18;1;"2022-05-01 00:22:03";"2022-05-01 00:22:03"
318;10;4;"2022-05-01 00:22:03";"2022-05-01 00:22:03"
319;340;2;"2022-05-01 00:22:03";"2022-05-01 00:22:03"
320;28;9;"2022-05-01 00:22:03";"2022-05-01 00:22:03"
321;304;8;"2022-05-01 00:22:03";"2022-05-01 00:22:03"
322;76;5;"2022-05-01 00:22:03";"2022-05-01 00:22:03"
323;359;10;"2022-05-01 00:22:03";"2022-05-01 00:22:03"
324;179;2;"2022-05-01 00:22:03";"2022-05-01 00:22:03"
325;9;4;"2022-05-01 00:22:03";"2022-05-01 00:22:03"
326;251;6;"2022-05-01 00:22:03";"2022-05-01 00:22:03"
327;202;10;"2022-05-01 00:22:03";"2022-05-01 00:22:03"
328;431;5;"2022-05-01 00:22:03";"2022-05-01 00:22:03"
329;361;1;"2022-05-01 00:22:03";"2022-05-01 00:22:03"
330;415;5;"2022-05-01 00:22:03";"2022-05-01 00:22:03"
331;145;9;"2022-05-01 00:22:03";"2022-05-01 00:22:03"
332;239;10;"2022-05-01 00:22:03";"2022-05-01 00:22:03"
333;287;9;"2022-05-01 00:22:03";"2022-05-01 00:22:03"
334;222;1;"2022-05-01 00:22:03";"2022-05-01 00:22:03"
335;95;6;"2022-05-01 00:22:03";"2022-05-01 00:22:03"
336;379;6;"2022-05-01 00:22:03";"2022-05-01 00:22:03"
337;244;5;"2022-05-01 00:22:03";"2022-05-01 00:22:03"
338;38;4;"2022-05-01 00:22:03";"2022-05-01 00:22:03"
339;426;1;"2022-05-01 00:22:03";"2022-05-01 00:22:03"
340;171;8;"2022-05-01 00:22:03";"2022-05-01 00:22:03"
341;358;2;"2022-05-01 00:22:03";"2022-05-01 00:22:03"
342;102;6;"2022-05-01 00:22:03";"2022-05-01 00:22:03"
343;321;6;"2022-05-01 00:22:03";"2022-05-01 00:22:03"
344;141;7;"2022-05-01 00:22:03";"2022-05-01 00:22:03"
345;53;1;"2022-05-01 00:22:03";"2022-05-01 00:22:03"
346;79;5;"2022-05-01 00:22:03";"2022-05-01 00:22:03"
347;297;1;"2022-05-01 00:22:03";"2022-05-01 00:22:03"
348;94;3;"2022-05-01 00:22:03";"2022-05-01 00:22:03"
349;391;9;"2022-05-01 00:22:03";"2022-05-01 00:22:03"
350;99;4;"2022-05-01 00:22:03";"2022-05-01 00:22:03"
351;428;2;"2022-05-01 00:22:03";"2022-05-01 00:22:03"
352;69;10;"2022-05-01 00:22:03";"2022-05-01 00:22:03"
353;289;9;"2022-05-01 00:22:03";"2022-05-01 00:22:03"
354;398;2;"2022-05-01 00:22:03";"2022-05-01 00:22:03"
355;89;6;"2022-05-01 00:22:03";"2022-05-01 00:22:03"
356;302;7;"2022-05-01 00:22:03";"2022-05-01 00:22:03"
357;175;6;"2022-05-01 00:22:03";"2022-05-01 00:22:03"
358;245;8;"2022-05-01 00:22:03";"2022-05-01 00:22:03"
359;145;8;"2022-05-01 00:22:03";"2022-05-01 00:22:03"
360;78;4;"2022-05-01 00:22:03";"2022-05-01 00:22:03"
361;191;9;"2022-05-01 00:22:03";"2022-05-01 00:22:03"
362;283;6;"2022-05-01 00:22:03";"2022-05-01 00:22:03"
363;185;10;"2022-05-01 00:22:03";"2022-05-01 00:22:03"
364;350;8;"2022-05-01 00:22:03";"2022-05-01 00:22:03"
365;75;8;"2022-05-01 00:22:03";"2022-05-01 00:22:03"
366;221;9;"2022-05-01 00:22:03";"2022-05-01 00:22:03"
367;270;10;"2022-05-01 00:22:03";"2022-05-01 00:22:03"
368;173;8;"2022-05-01 00:22:03";"2022-05-01 00:22:03"
369;5;7;"2022-05-01 00:22:03";"2022-05-01 00:22:03"
370;229;6;"2022-05-01 00:22:03";"2022-05-01 00:22:03"
371;117;1;"2022-05-01 00:22:03";"2022-05-01 00:22:03"
372;297;4;"2022-05-01 00:22:03";"2022-05-01 00:22:03"
373;110;5;"2022-05-01 00:22:03";"2022-05-01 00:22:03"
374;263;7;"2022-05-01 00:22:03";"2022-05-01 00:22:03"
375;214;5;"2022-05-01 00:22:03";"2022-05-01 00:22:03"
376;83;7;"2022-05-01 00:22:03";"2022-05-01 00:22:03"
377;216;8;"2022-05-01 00:22:03";"2022-05-01 00:22:03"
378;305;9;"2022-05-01 00:22:03";"2022-05-01 00:22:03"
379;268;10;"2022-05-01 00:22:03";"2022-05-01 00:22:03"
380;23;4;"2022-05-01 00:22:03";"2022-05-01 00:22:03"
381;42;9;"2022-05-01 00:22:03";"2022-05-01 00:22:03"
382;113;10;"2022-05-01 00:22:03";"2022-05-01 00:22:03"
383;59;7;"2022-05-01 00:22:03";"2022-05-01 00:22:03"
384;15;8;"2022-05-01 00:22:03";"2022-05-01 00:22:03"
385;373;6;"2022-05-01 00:22:03";"2022-05-01 00:22:03"
386;20;8;"2022-05-01 00:22:03";"2022-05-01 00:22:03"
387;90;7;"2022-05-01 00:22:03";"2022-05-01 00:22:03"
388;362;10;"2022-05-01 00:22:03";"2022-05-01 00:22:03"
389;377;7;"2022-05-01 00:22:03";"2022-05-01 00:22:03"
390;380;1;"2022-05-01 00:22:03";"2022-05-01 00:22:03"
391;14;9;"2022-05-01 00:22:03";"2022-05-01 00:22:03"
392;286;3;"2022-05-01 00:22:03";"2022-05-01 00:22:03"
393;382;8;"2022-05-01 00:22:03";"2022-05-01 00:22:03"
394;120;1;"2022-05-01 00:22:03";"2022-05-01 00:22:03"
395;43;10;"2022-05-01 00:22:03";"2022-05-01 00:22:03"
396;231;9;"2022-05-01 00:22:03";"2022-05-01 00:22:03"
397;127;9;"2022-05-01 00:22:03";"2022-05-01 00:22:03"
398;429;8;"2022-05-01 00:22:03";"2022-05-01 00:22:03"
399;115;8;"2022-05-01 00:22:03";"2022-05-01 00:22:03"
400;374;5;"2022-05-01 00:22:03";"2022-05-01 00:22:03"
401;17;1;"2022-05-01 00:22:03";"2022-05-01 00:22:03"
402;9;2;"2022-05-01 00:22:03";"2022-05-01 00:22:03"
403;67;1;"2022-05-01 00:22:03";"2022-05-01 00:22:03"
404;390;9;"2022-05-01 00:22:03";"2022-05-01 00:22:03"
405;54;3;"2022-05-01 00:22:03";"2022-05-01 00:22:03"
406;196;2;"2022-05-01 00:22:03";"2022-05-01 00:22:03"
407;387;7;"2022-05-01 00:22:03";"2022-05-01 00:22:03"
408;97;2;"2022-05-01 00:22:03";"2022-05-01 00:22:03"
409;286;7;"2022-05-01 00:22:03";"2022-05-01 00:22:03"
410;399;5;"2022-05-01 00:22:03";"2022-05-01 00:22:03"
411;286;10;"2022-05-01 00:22:03";"2022-05-01 00:22:03"
412;20;7;"2022-05-01 00:22:03";"2022-05-01 00:22:03"
413;294;7;"2022-05-01 00:22:03";"2022-05-01 00:22:03"
414;246;3;"2022-05-01 00:22:03";"2022-05-01 00:22:03"
415;294;1;"2022-05-01 00:22:03";"2022-05-01 00:22:03"
416;226;4;"2022-05-01 00:22:03";"2022-05-01 00:22:03"
417;191;2;"2022-05-01 00:22:03";"2022-05-01 00:22:03"
418;343;8;"2022-05-01 00:22:03";"2022-05-01 00:22:03"
419;114;7;"2022-05-01 00:22:03";"2022-05-01 00:22:03"
420;339;1;"2022-05-01 00:22:03";"2022-05-01 00:22:03"
421;52;9;"2022-05-01 00:22:03";"2022-05-01 00:22:03"
422;0;4;"2022-05-01 00:22:03";"2022-05-01 00:22:03"
423;44;8;"2022-05-01 00:22:03";"2022-05-01 00:22:03"
424;183;7;"2022-05-01 00:22:03";"2022-05-01 00:22:03"
425;185;2;"2022-05-01 00:22:03";"2022-05-01 00:22:03"
426;310;4;"2022-05-01 00:22:03";"2022-05-01 00:22:03"
427;264;7;"2022-05-01 00:22:03";"2022-05-01 00:22:03"
428;13;8;"2022-05-01 00:22:03";"2022-05-01 00:22:03"
429;344;10;"2022-05-01 00:22:03";"2022-05-01 00:22:03"
430;295;3;"2022-05-01 00:22:03";"2022-05-01 00:22:03"
431;399;4;"2022-05-01 00:22:03";"2022-05-01 00:22:03"
432;118;9;"2022-05-01 00:22:03";"2022-05-01 00:22:03"
433;322;4;"2022-05-01 00:22:03";"2022-05-01 00:22:03"
434;26;1;"2022-05-01 00:22:03";"2022-05-01 00:22:03"
435;248;2;"2022-05-01 00:22:03";"2022-05-01 00:22:03"
436;350;1;"2022-05-01 00:22:03";"2022-05-01 00:22:03"
437;392;5;"2022-05-01 00:22:03";"2022-05-01 00:22:03"
438;394;5;"2022-05-01 00:22:03";"2022-05-01 00:22:03"
439;347;1;"2022-05-01 00:22:03";"2022-05-01 00:22:03"
440;29;6;"2022-05-01 00:22:03";"2022-05-01 00:22:03"
441;92;2;"2022-05-01 00:22:03";"2022-05-01 00:22:03"
442;320;4;"2022-05-01 00:22:03";"2022-05-01 00:22:03"
443;66;3;"2022-05-01 00:22:03";"2022-05-01 00:22:03"
444;127;5;"2022-05-01 00:22:03";"2022-05-01 00:22:03"
445;300;9;"2022-05-01 00:22:03";"2022-05-01 00:22:03"
446;63;6;"2022-05-01 00:22:03";"2022-05-01 00:22:03"
447;356;9;"2022-05-01 00:22:03";"2022-05-01 00:22:03"
448;173;3;"2022-05-01 00:22:03";"2022-05-01 00:22:03"
449;300;1;"2022-05-01 00:22:03";"2022-05-01 00:22:03"
450;240;5;"2022-05-01 00:22:03";"2022-05-01 00:22:03"
451;325;5;"2022-05-01 00:22:03";"2022-05-01 00:22:03"
452;249;10;"2022-05-01 00:22:03";"2022-05-01 00:22:03"
453;61;5;"2022-05-01 00:22:03";"2022-05-01 00:22:03"
454;289;1;"2022-05-01 00:22:03";"2022-05-01 00:22:03"
455;0;8;"2022-05-01 00:22:03";"2022-05-01 00:22:03"
456;128;4;"2022-05-01 00:22:03";"2022-05-01 00:22:03"
457;50;10;"2022-05-01 00:22:03";"2022-05-01 00:22:03"
458;301;10;"2022-05-01 00:22:03";"2022-05-01 00:22:03"
459;165;7;"2022-05-01 00:22:03";"2022-05-01 00:22:03"
460;66;8;"2022-05-01 00:22:03";"2022-05-01 00:22:03"
461;387;9;"2022-05-01 00:22:03";"2022-05-01 00:22:03"
462;9;9;"2022-05-01 00:22:03";"2022-05-01 00:22:03"
463;36;4;"2022-05-01 00:22:03";"2022-05-01 00:22:03"
464;6;7;"2022-05-01 00:22:03";"2022-05-01 00:22:03"
465;25;7;"2022-05-01 00:22:03";"2022-05-01 00:22:03"
466;357;2;"2022-05-01 00:22:03";"2022-05-01 00:22:03"
467;114;5;"2022-05-01 00:22:03";"2022-05-01 00:22:03"
468;372;2;"2022-05-01 00:22:03";"2022-05-01 00:22:03"
469;207;10;"2022-05-01 00:22:03";"2022-05-01 00:22:03"
470;251;1;"2022-05-01 00:22:03";"2022-05-01 00:22:03"
471;213;6;"2022-05-01 00:22:03";"2022-05-01 00:22:03"
472;204;10;"2022-05-01 00:22:03";"2022-05-01 00:22:03"
473;115;1;"2022-05-01 00:22:03";"2022-05-01 00:22:03"
474;3;3;"2022-05-01 00:22:03";"2022-05-01 00:22:03"
475;37;4;"2022-05-01 00:22:03";"2022-05-01 00:22:03"
476;6;4;"2022-05-01 00:22:03";"2022-05-01 00:22:03"
477;265;2;"2022-05-01 00:22:03";"2022-05-01 00:22:03"
478;374;6;"2022-05-01 00:22:03";"2022-05-01 00:22:03"
479;428;10;"2022-05-01 00:22:03";"2022-05-01 00:22:03"
480;201;8;"2022-05-01 00:22:03";"2022-05-01 00:22:03"
481;206;1;"2022-05-01 00:22:03";"2022-05-01 00:22:03"
482;58;5;"2022-05-01 00:22:03";"2022-05-01 00:22:03"
483;146;6;"2022-05-01 00:22:03";"2022-05-01 00:22:03"
484;166;3;"2022-05-01 00:22:03";"2022-05-01 00:22:03"
485;61;4;"2022-05-01 00:22:03";"2022-05-01 00:22:03"
486;173;2;"2022-05-01 00:22:03";"2022-05-01 00:22:03"
487;5;9;"2022-05-01 00:22:03";"2022-05-01 00:22:03"
488;293;7;"2022-05-01 00:22:03";"2022-05-01 00:22:03"
489;112;9;"2022-05-01 00:22:03";"2022-05-01 00:22:03"
490;292;10;"2022-05-01 00:22:03";"2022-05-01 00:22:03"
491;197;7;"2022-05-01 00:22:03";"2022-05-01 00:22:03"
492;86;1;"2022-05-01 00:22:03";"2022-05-01 00:22:03"
493;1;3;"2022-05-01 00:22:03";"2022-05-01 00:22:03"
494;423;7;"2022-05-01 00:22:03";"2022-05-01 00:22:03"
495;137;10;"2022-05-01 00:22:03";"2022-05-01 00:22:03"
496;320;5;"2022-05-01 00:22:03";"2022-05-01 00:22:03"
497;124;3;"2022-05-01 00:22:03";"2022-05-01 00:22:03"
498;100;10;"2022-05-01 00:22:03";"2022-05-01 00:22:03"
499;208;10;"2022-05-01 00:22:03";"2022-05-01 00:22:03"
500;15;7;"2022-05-01 00:22:03";"2022-05-01 00:22:03"
501;377;3;"2022-05-01 00:22:03";"2022-05-01 00:22:03"
502;275;1;"2022-05-01 00:22:03";"2022-05-01 00:22:03"
503;75;4;"2022-05-01 00:22:03";"2022-05-01 00:22:03"
504;153;5;"2022-05-01 00:22:03";"2022-05-01 00:22:03"
505;304;3;"2022-05-01 00:22:03";"2022-05-01 00:22:03"
506;411;5;"2022-05-01 00:22:03";"2022-05-01 00:22:03"
507;348;1;"2022-05-01 00:22:03";"2022-05-01 00:22:03"
508;5;5;"2022-05-01 00:22:03";"2022-05-01 00:22:03"
509;276;8;"2022-05-01 00:22:03";"2022-05-01 00:22:03"
510;405;7;"2022-05-01 00:22:03";"2022-05-01 00:22:03"
511;262;10;"2022-05-01 00:22:03";"2022-05-01 00:22:03"
512;102;4;"2022-05-01 00:22:03";"2022-05-01 00:22:03"
513;260;9;"2022-05-01 00:22:03";"2022-05-01 00:22:03"
514;25;8;"2022-05-01 00:22:03";"2022-05-01 00:22:03"
515;344;5;"2022-05-01 00:22:03";"2022-05-01 00:22:03"
516;416;8;"2022-05-01 00:22:03";"2022-05-01 00:22:03"
517;338;4;"2022-05-01 00:22:03";"2022-05-01 00:22:03"
518;92;1;"2022-05-01 00:22:03";"2022-05-01 00:22:03"
519;419;9;"2022-05-01 00:22:03";"2022-05-01 00:22:03"
520;73;6;"2022-05-01 00:22:03";"2022-05-01 00:22:03"
521;275;4;"2022-05-01 00:22:03";"2022-05-01 00:22:03"
522;202;3;"2022-05-01 00:22:03";"2022-05-01 00:22:03"
523;187;7;"2022-05-01 00:22:03";"2022-05-01 00:22:03"
524;58;8;"2022-05-01 00:22:03";"2022-05-01 00:22:03"
525;49;5;"2022-05-01 00:22:03";"2022-05-01 00:22:03"
526;414;2;"2022-05-01 00:22:03";"2022-05-01 00:22:03"
527;229;5;"2022-05-01 00:22:03";"2022-05-01 00:22:03"
528;112;2;"2022-05-01 00:22:03";"2022-05-01 00:22:03"
529;284;10;"2022-05-01 00:22:03";"2022-05-01 00:22:03"
530;412;2;"2022-05-01 00:22:03";"2022-05-01 00:22:03"
531;281;2;"2022-05-01 00:22:03";"2022-05-01 00:22:03"
532;132;5;"2022-05-01 00:22:03";"2022-05-01 00:22:03"
533;271;1;"2022-05-01 00:22:03";"2022-05-01 00:22:03"
534;225;10;"2022-05-01 00:22:03";"2022-05-01 00:22:03"
535;125;3;"2022-05-01 00:22:03";"2022-05-01 00:22:03"
536;90;1;"2022-05-01 00:22:03";"2022-05-01 00:22:03"
537;86;10;"2022-05-01 00:22:03";"2022-05-01 00:22:03"
538;90;3;"2022-05-01 00:22:03";"2022-05-01 00:22:03"
539;284;3;"2022-05-01 00:22:03";"2022-05-01 00:22:03"
540;138;5;"2022-05-01 00:22:03";"2022-05-01 00:22:03"
541;203;7;"2022-05-01 00:22:03";"2022-05-01 00:22:03"
542;20;3;"2022-05-01 00:22:03";"2022-05-01 00:22:03"
543;245;2;"2022-05-01 00:22:03";"2022-05-01 00:22:03"
544;145;10;"2022-05-01 00:22:03";"2022-05-01 00:22:03"
545;270;5;"2022-05-01 00:22:03";"2022-05-01 00:22:03"
546;310;3;"2022-05-01 00:22:03";"2022-05-01 00:22:03"
547;107;1;"2022-05-01 00:22:03";"2022-05-01 00:22:03"
548;259;1;"2022-05-01 00:22:03";"2022-05-01 00:22:03"
549;136;3;"2022-05-01 00:22:03";"2022-05-01 00:22:03"
550;104;8;"2022-05-01 00:22:03";"2022-05-01 00:22:03"
551;324;6;"2022-05-01 00:22:03";"2022-05-01 00:22:03"
552;225;7;"2022-05-01 00:22:03";"2022-05-01 00:22:03"
553;316;7;"2022-05-01 00:22:03";"2022-05-01 00:22:03"
554;107;8;"2022-05-01 00:22:03";"2022-05-01 00:22:03"
555;74;10;"2022-05-01 00:22:03";"2022-05-01 00:22:03"
556;410;8;"2022-05-01 00:22:03";"2022-05-01 00:22:03"
557;49;7;"2022-05-01 00:22:03";"2022-05-01 00:22:03"
558;370;9;"2022-05-01 00:22:03";"2022-05-01 00:22:03"
559;74;1;"2022-05-01 00:22:03";"2022-05-01 00:22:03"
560;301;5;"2022-05-01 00:22:03";"2022-05-01 00:22:03"
561;298;4;"2022-05-01 00:22:03";"2022-05-01 00:22:03"
562;148;10;"2022-05-01 00:22:03";"2022-05-01 00:22:03"
563;4;10;"2022-05-01 00:22:03";"2022-05-01 00:22:03"
564;247;2;"2022-05-01 00:22:03";"2022-05-01 00:22:03"
565;80;9;"2022-05-01 00:22:03";"2022-05-01 00:22:03"
566;375;4;"2022-05-01 00:22:03";"2022-05-01 00:22:03"
567;188;1;"2022-05-01 00:22:03";"2022-05-01 00:22:03"
568;402;10;"2022-05-01 00:22:03";"2022-05-01 00:22:03"
569;243;7;"2022-05-01 00:22:03";"2022-05-01 00:22:03"
570;59;9;"2022-05-01 00:22:03";"2022-05-01 00:22:03"
571;244;1;"2022-05-01 00:22:03";"2022-05-01 00:22:03"
572;84;2;"2022-05-01 00:22:03";"2022-05-01 00:22:03"
573;79;9;"2022-05-01 00:22:03";"2022-05-01 00:22:03"
574;92;5;"2022-05-01 00:22:03";"2022-05-01 00:22:03"
575;278;2;"2022-05-01 00:22:03";"2022-05-01 00:22:03"
576;338;9;"2022-05-01 00:22:03";"2022-05-01 00:22:03"
577;266;3;"2022-05-01 00:22:03";"2022-05-01 00:22:03"
578;158;9;"2022-05-01 00:22:03";"2022-05-01 00:22:03"
579;413;5;"2022-05-01 00:22:03";"2022-05-01 00:22:03"
580;372;10;"2022-05-01 00:22:03";"2022-05-01 00:22:03"
581;86;4;"2022-05-01 00:22:03";"2022-05-01 00:22:03"
582;82;5;"2022-05-01 00:22:03";"2022-05-01 00:22:03"
583;135;5;"2022-05-01 00:22:03";"2022-05-01 00:22:03"
584;159;10;"2022-05-01 00:22:03";"2022-05-01 00:22:03"
585;274;10;"2022-05-01 00:22:03";"2022-05-01 00:22:03"
586;96;5;"2022-05-01 00:22:03";"2022-05-01 00:22:03"
587;193;4;"2022-05-01 00:22:03";"2022-05-01 00:22:03"
588;158;5;"2022-05-01 00:22:03";"2022-05-01 00:22:03"
589;220;1;"2022-05-01 00:22:03";"2022-05-01 00:22:03"
590;226;5;"2022-05-01 00:22:03";"2022-05-01 00:22:03"
591;229;9;"2022-05-01 00:22:03";"2022-05-01 00:22:03"
592;185;7;"2022-05-01 00:22:03";"2022-05-01 00:22:03"
593;397;4;"2022-05-01 00:22:03";"2022-05-01 00:22:03"
594;430;6;"2022-05-01 00:22:03";"2022-05-01 00:22:03"
595;57;1;"2022-05-01 00:22:03";"2022-05-01 00:22:03"
596;62;3;"2022-05-01 00:22:03";"2022-05-01 00:22:03"
597;52;1;"2022-05-01 00:22:03";"2022-05-01 00:22:03"
598;315;9;"2022-05-01 00:22:03";"2022-05-01 00:22:03"
599;94;5;"2022-05-01 00:22:03";"2022-05-01 00:22:03"
600;425;3;"2022-05-01 00:22:03";"2022-05-01 00:22:03"
601;428;8;"2022-05-01 00:22:03";"2022-05-01 00:22:03"
602;13;2;"2022-05-01 00:22:03";"2022-05-01 00:22:03"
603;21;1;"2022-05-01 00:22:03";"2022-05-01 00:22:03"
604;73;10;"2022-05-01 00:22:03";"2022-05-01 00:22:03"
605;326;1;"2022-05-01 00:22:03";"2022-05-01 00:22:03"
606;258;1;"2022-05-01 00:22:03";"2022-05-01 00:22:03"
607;29;7;"2022-05-01 00:22:03";"2022-05-01 00:22:03"
608;133;3;"2022-05-01 00:22:03";"2022-05-01 00:22:03"
609;227;10;"2022-05-01 00:22:03";"2022-05-01 00:22:03"
610;49;3;"2022-05-01 00:22:03";"2022-05-01 00:22:03"
611;365;10;"2022-05-01 00:22:03";"2022-05-01 00:22:03"
612;218;7;"2022-05-01 00:22:03";"2022-05-01 00:22:03"
613;3;10;"2022-05-01 00:22:03";"2022-05-01 00:22:03"
614;66;7;"2022-05-01 00:22:03";"2022-05-01 00:22:03"
615;223;2;"2022-05-01 00:22:03";"2022-05-01 00:22:03"
616;294;10;"2022-05-01 00:22:03";"2022-05-01 00:22:03"
617;247;10;"2022-05-01 00:22:03";"2022-05-01 00:22:03"
618;332;3;"2022-05-01 00:22:03";"2022-05-01 00:22:03"
619;78;7;"2022-05-01 00:22:03";"2022-05-01 00:22:03"
620;203;8;"2022-05-01 00:22:03";"2022-05-01 00:22:03"
621;386;7;"2022-05-01 00:22:03";"2022-05-01 00:22:03"
622;198;10;"2022-05-01 00:22:03";"2022-05-01 00:22:03"
623;176;2;"2022-05-01 00:22:03";"2022-05-01 00:22:03"
624;399;8;"2022-05-01 00:22:03";"2022-05-01 00:22:03"
625;16;7;"2022-05-01 00:22:03";"2022-05-01 00:22:03"
626;9;10;"2022-05-01 00:22:03";"2022-05-01 00:22:03"
627;292;8;"2022-05-01 00:22:03";"2022-05-01 00:22:03"
628;34;9;"2022-05-01 00:22:03";"2022-05-01 00:22:03"
629;46;3;"2022-05-01 00:22:03";"2022-05-01 00:22:03"
630;272;9;"2022-05-01 00:22:03";"2022-05-01 00:22:03"
631;335;2;"2022-05-01 00:22:03";"2022-05-01 00:22:03"
632;396;3;"2022-05-01 00:22:03";"2022-05-01 00:22:03"
633;272;5;"2022-05-01 00:22:03";"2022-05-01 00:22:03"
634;57;6;"2022-05-01 00:22:03";"2022-05-01 00:22:03"
635;370;5;"2022-05-01 00:22:03";"2022-05-01 00:22:03"
636;83;3;"2022-05-01 00:22:03";"2022-05-01 00:22:03"
637;249;3;"2022-05-01 00:22:03";"2022-05-01 00:22:03"
638;227;5;"2022-05-01 00:22:03";"2022-05-01 00:22:03"
639;410;2;"2022-05-01 00:22:03";"2022-05-01 00:22:03"
640;148;9;"2022-05-01 00:22:03";"2022-05-01 00:22:03"
641;22;5;"2022-05-01 00:22:03";"2022-05-01 00:22:03"
642;336;3;"2022-05-01 00:22:03";"2022-05-01 00:22:03"
643;131;4;"2022-05-01 00:22:03";"2022-05-01 00:22:03"
644;58;4;"2022-05-01 00:22:03";"2022-05-01 00:22:03"
645;378;10;"2022-05-01 00:22:03";"2022-05-01 00:22:03"
646;204;7;"2022-05-01 00:22:03";"2022-05-01 00:22:03"
647;277;10;"2022-05-01 00:22:03";"2022-05-01 00:22:03"
648;1;5;"2022-05-01 00:22:03";"2022-05-01 00:22:03"
649;426;2;"2022-05-01 00:22:03";"2022-05-01 00:22:03"
650;18;3;"2022-05-01 00:22:03";"2022-05-01 00:22:03"
651;396;6;"2022-05-01 00:22:03";"2022-05-01 00:22:03"
652;225;3;"2022-05-01 00:22:03";"2022-05-01 00:22:03"
653;391;3;"2022-05-01 00:22:03";"2022-05-01 00:22:03"
654;71;8;"2022-05-01 00:22:03";"2022-05-01 00:22:03"
655;206;10;"2022-05-01 00:22:03";"2022-05-01 00:22:03"
656;108;5;"2022-05-01 00:22:03";"2022-05-01 00:22:03"
657;73;5;"2022-05-01 00:22:03";"2022-05-01 00:22:03"
658;56;9;"2022-05-01 00:22:03";"2022-05-01 00:22:03"
659;151;5;"2022-05-01 00:22:03";"2022-05-01 00:22:03"
660;3;1;"2022-05-01 00:22:03";"2022-05-01 00:22:03"
661;354;10;"2022-05-01 00:22:03";"2022-05-01 00:22:03"
662;339;3;"2022-05-01 00:22:03";"2022-05-01 00:22:03"
663;421;8;"2022-05-01 00:22:03";"2022-05-01 00:22:03"
664;276;10;"2022-05-01 00:22:03";"2022-05-01 00:22:03"
665;310;8;"2022-05-01 00:22:03";"2022-05-01 00:22:03"
666;154;4;"2022-05-01 00:22:03";"2022-05-01 00:22:03"
667;262;9;"2022-05-01 00:22:03";"2022-05-01 00:22:03"
668;134;6;"2022-05-01 00:22:03";"2022-05-01 00:22:03"
669;183;4;"2022-05-01 00:22:03";"2022-05-01 00:22:03"
670;400;2;"2022-05-01 00:22:03";"2022-05-01 00:22:03"
671;407;7;"2022-05-01 00:22:03";"2022-05-01 00:22:03"
672;201;10;"2022-05-01 00:22:03";"2022-05-01 00:22:03"
673;147;10;"2022-05-01 00:22:03";"2022-05-01 00:22:03"
674;98;2;"2022-05-01 00:22:03";"2022-05-01 00:22:03"
675;83;1;"2022-05-01 00:22:03";"2022-05-01 00:22:03"
676;293;8;"2022-05-01 00:22:03";"2022-05-01 00:22:03"
677;220;2;"2022-05-01 00:22:03";"2022-05-01 00:22:03"
678;246;4;"2022-05-01 00:22:03";"2022-05-01 00:22:03"
679;378;4;"2022-05-01 00:22:03";"2022-05-01 00:22:03"
680;139;2;"2022-05-01 00:22:03";"2022-05-01 00:22:03"
681;393;3;"2022-05-01 00:22:03";"2022-05-01 00:22:03"
682;81;6;"2022-05-01 00:22:03";"2022-05-01 00:22:03"
683;236;5;"2022-05-01 00:22:03";"2022-05-01 00:22:03"
684;430;10;"2022-05-01 00:22:03";"2022-05-01 00:22:03"
685;296;10;"2022-05-01 00:22:03";"2022-05-01 00:22:03"
686;355;8;"2022-05-01 00:22:03";"2022-05-01 00:22:03"
687;402;1;"2022-05-01 00:22:03";"2022-05-01 00:22:03"
688;384;1;"2022-05-01 00:22:03";"2022-05-01 00:22:03"
689;287;7;"2022-05-01 00:22:03";"2022-05-01 00:22:03"
690;212;2;"2022-05-01 00:22:03";"2022-05-01 00:22:03"
691;177;8;"2022-05-01 00:22:03";"2022-05-01 00:22:03"
692;369;10;"2022-05-01 00:22:03";"2022-05-01 00:22:03"
693;29;3;"2022-05-01 00:22:03";"2022-05-01 00:22:03"
694;396;8;"2022-05-01 00:22:03";"2022-05-01 00:22:03"
695;268;9;"2022-05-01 00:22:03";"2022-05-01 00:22:03"
696;269;2;"2022-05-01 00:22:03";"2022-05-01 00:22:03"
697;77;10;"2022-05-01 00:22:03";"2022-05-01 00:22:03"
698;130;4;"2022-05-01 00:22:03";"2022-05-01 00:22:03"
699;65;3;"2022-05-01 00:22:03";"2022-05-01 00:22:03"
700;397;2;"2022-05-01 00:22:03";"2022-05-01 00:22:03"
701;157;3;"2022-05-01 00:22:03";"2022-05-01 00:22:03"
702;256;2;"2022-05-01 00:22:03";"2022-05-01 00:22:03"
703;73;3;"2022-05-01 00:22:03";"2022-05-01 00:22:03"
704;45;5;"2022-05-01 00:22:03";"2022-05-01 00:22:03"
705;349;8;"2022-05-01 00:22:03";"2022-05-01 00:22:03"
706;288;9;"2022-05-01 00:22:03";"2022-05-01 00:22:03"
707;63;10;"2022-05-01 00:22:03";"2022-05-01 00:22:03"
708;343;10;"2022-05-01 00:22:03";"2022-05-01 00:22:03"
709;74;8;"2022-05-01 00:22:03";"2022-05-01 00:22:03"
710;282;2;"2022-05-01 00:22:03";"2022-05-01 00:22:03"
711;22;8;"2022-05-01 00:22:03";"2022-05-01 00:22:03"
712;335;5;"2022-05-01 00:22:03";"2022-05-01 00:22:03"
713;187;2;"2022-05-01 00:22:03";"2022-05-01 00:22:03"
714;403;1;"2022-05-01 00:22:03";"2022-05-01 00:22:03"
715;101;3;"2022-05-01 00:22:03";"2022-05-01 00:22:03"
716;376;5;"2022-05-01 00:22:03";"2022-05-01 00:22:03"
717;6;3;"2022-05-01 00:22:03";"2022-05-01 00:22:03"
718;282;8;"2022-05-01 00:22:03";"2022-05-01 00:22:03"
719;98;5;"2022-05-01 00:22:03";"2022-05-01 00:22:03"
720;221;5;"2022-05-01 00:22:03";"2022-05-01 00:22:03"
721;190;3;"2022-05-01 00:22:03";"2022-05-01 00:22:03"
722;203;2;"2022-05-01 00:22:03";"2022-05-01 00:22:03"
723;226;9;"2022-05-01 00:22:03";"2022-05-01 00:22:03"
724;87;1;"2022-05-01 00:22:03";"2022-05-01 00:22:03"
725;138;4;"2022-05-01 00:22:03";"2022-05-01 00:22:03"
726;243;2;"2022-05-01 00:22:03";"2022-05-01 00:22:03"
727;76;8;"2022-05-01 00:22:03";"2022-05-01 00:22:03"
728;408;7;"2022-05-01 00:22:03";"2022-05-01 00:22:03"
729;110;3;"2022-05-01 00:22:03";"2022-05-01 00:22:03"
730;400;7;"2022-05-01 00:22:03";"2022-05-01 00:22:03"
731;7;10;"2022-05-01 00:22:03";"2022-05-01 00:22:03"
732;348;9;"2022-05-01 00:22:03";"2022-05-01 00:22:03"
733;379;8;"2022-05-01 00:22:03";"2022-05-01 00:22:03"
734;49;6;"2022-05-01 00:22:03";"2022-05-01 00:22:03"
735;231;3;"2022-05-01 00:22:03";"2022-05-01 00:22:03"
736;365;6;"2022-05-01 00:22:03";"2022-05-01 00:22:03"
737;99;7;"2022-05-01 00:22:03";"2022-05-01 00:22:03"
738;105;5;"2022-05-01 00:22:03";"2022-05-01 00:22:03"
739;295;1;"2022-05-01 00:22:03";"2022-05-01 00:22:03"
740;143;1;"2022-05-01 00:22:03";"2022-05-01 00:22:03"
741;166;1;"2022-05-01 00:22:03";"2022-05-01 00:22:03"
742;105;3;"2022-05-01 00:22:03";"2022-05-01 00:22:03"
743;330;3;"2022-05-01 00:22:03";"2022-05-01 00:22:03"
744;369;3;"2022-05-01 00:22:03";"2022-05-01 00:22:03"
745;421;10;"2022-05-01 00:22:03";"2022-05-01 00:22:03"
746;92;6;"2022-05-01 00:22:03";"2022-05-01 00:22:03"
747;190;10;"2022-05-01 00:22:03";"2022-05-01 00:22:03"
748;420;6;"2022-05-01 00:22:03";"2022-05-01 00:22:03"
749;236;7;"2022-05-01 00:22:03";"2022-05-01 00:22:03"
750;152;8;"2022-05-01 00:22:03";"2022-05-01 00:22:03"
751;202;1;"2022-05-01 00:22:03";"2022-05-01 00:22:03"
752;349;4;"2022-05-01 00:22:03";"2022-05-01 00:22:03"
753;106;2;"2022-05-01 00:22:03";"2022-05-01 00:22:03"
754;274;8;"2022-05-01 00:22:03";"2022-05-01 00:22:03"
755;264;6;"2022-05-01 00:22:03";"2022-05-01 00:22:03"
756;301;9;"2022-05-01 00:22:03";"2022-05-01 00:22:03"
757;54;5;"2022-05-01 00:22:03";"2022-05-01 00:22:03"
758;387;10;"2022-05-01 00:22:03";"2022-05-01 00:22:03"
759;358;8;"2022-05-01 00:22:03";"2022-05-01 00:22:03"
760;47;3;"2022-05-01 00:22:03";"2022-05-01 00:22:03"
761;280;3;"2022-05-01 00:22:03";"2022-05-01 00:22:03"
762;90;4;"2022-05-01 00:22:03";"2022-05-01 00:22:03"
763;386;3;"2022-05-01 00:22:03";"2022-05-01 00:22:03"
764;284;2;"2022-05-01 00:22:03";"2022-05-01 00:22:03"
765;25;4;"2022-05-01 00:22:03";"2022-05-01 00:22:03"
766;133;7;"2022-05-01 00:22:03";"2022-05-01 00:22:03"
767;160;9;"2022-05-01 00:22:03";"2022-05-01 00:22:03"
768;183;2;"2022-05-01 00:22:03";"2022-05-01 00:22:03"
769;388;3;"2022-05-01 00:22:03";"2022-05-01 00:22:03"
770;424;10;"2022-05-01 00:22:03";"2022-05-01 00:22:03"
771;82;2;"2022-05-01 00:22:03";"2022-05-01 00:22:03"
772;242;5;"2022-05-01 00:22:03";"2022-05-01 00:22:03"
773;355;5;"2022-05-01 00:22:03";"2022-05-01 00:22:03"
774;109;6;"2022-05-01 00:22:03";"2022-05-01 00:22:03"
775;4;5;"2022-05-01 00:22:03";"2022-05-01 00:22:03"
776;360;3;"2022-05-01 00:22:03";"2022-05-01 00:22:03"
777;278;8;"2022-05-01 00:22:03";"2022-05-01 00:22:03"
778;35;7;"2022-05-01 00:22:03";"2022-05-01 00:22:03"
779;65;4;"2022-05-01 00:22:03";"2022-05-01 00:22:03"
780;392;2;"2022-05-01 00:22:03";"2022-05-01 00:22:03"
781;192;9;"2022-05-01 00:22:03";"2022-05-01 00:22:03"
782;45;8;"2022-05-01 00:22:03";"2022-05-01 00:22:03"
783;142;7;"2022-05-01 00:22:03";"2022-05-01 00:22:03"
784;163;6;"2022-05-01 00:22:03";"2022-05-01 00:22:03"
785;356;1;"2022-05-01 00:22:03";"2022-05-01 00:22:03"
786;363;10;"2022-05-01 00:22:03";"2022-05-01 00:22:03"
787;159;5;"2022-05-01 00:22:03";"2022-05-01 00:22:03"
788;358;5;"2022-05-01 00:22:03";"2022-05-01 00:22:03"
789;83;6;"2022-05-01 00:22:03";"2022-05-01 00:22:03"
790;161;5;"2022-05-01 00:22:03";"2022-05-01 00:22:03"
791;265;9;"2022-05-01 00:22:03";"2022-05-01 00:22:03"
792;117;2;"2022-05-01 00:22:03";"2022-05-01 00:22:03"
793;296;5;"2022-05-01 00:22:03";"2022-05-01 00:22:03"
794;243;9;"2022-05-01 00:22:03";"2022-05-01 00:22:03"
795;257;7;"2022-05-01 00:22:03";"2022-05-01 00:22:03"
796;153;8;"2022-05-01 00:22:03";"2022-05-01 00:22:03"
797;350;5;"2022-05-01 00:22:03";"2022-05-01 00:22:03"
798;106;4;"2022-05-01 00:22:03";"2022-05-01 00:22:03"
799;338;2;"2022-05-01 00:22:03";"2022-05-01 00:22:03"
800;67;7;"2022-05-01 00:22:03";"2022-05-01 00:22:03"
801;103;6;"2022-05-01 00:22:03";"2022-05-01 00:22:03"
802;195;10;"2022-05-01 00:22:03";"2022-05-01 00:22:03"
803;1;4;"2022-05-01 00:22:03";"2022-05-01 00:22:03"
804;144;10;"2022-05-01 00:22:03";"2022-05-01 00:22:03"
805;211;7;"2022-05-01 00:22:03";"2022-05-01 00:22:03"
806;420;10;"2022-05-01 00:22:03";"2022-05-01 00:22:03"
807;75;9;"2022-05-01 00:22:03";"2022-05-01 00:22:03"
808;26;2;"2022-05-01 00:22:03";"2022-05-01 00:22:03"
809;389;10;"2022-05-01 00:22:03";"2022-05-01 00:22:03"
810;48;10;"2022-05-01 00:22:03";"2022-05-01 00:22:03"
811;40;5;"2022-05-01 00:22:03";"2022-05-01 00:22:03"
812;18;6;"2022-05-01 00:22:03";"2022-05-01 00:22:03"
813;99;9;"2022-05-01 00:22:03";"2022-05-01 00:22:03"
814;134;5;"2022-05-01 00:22:03";"2022-05-01 00:22:03"
815;386;6;"2022-05-01 00:22:03";"2022-05-01 00:22:03"
816;113;2;"2022-05-01 00:22:03";"2022-05-01 00:22:03"
817;20;6;"2022-05-01 00:22:03";"2022-05-01 00:22:03"
818;290;9;"2022-05-01 00:22:03";"2022-05-01 00:22:03"
819;272;6;"2022-05-01 00:22:03";"2022-05-01 00:22:03"
820;329;2;"2022-05-01 00:22:03";"2022-05-01 00:22:03"
821;38;3;"2022-05-01 00:22:03";"2022-05-01 00:22:03"
822;393;6;"2022-05-01 00:22:03";"2022-05-01 00:22:03"
823;195;8;"2022-05-01 00:22:03";"2022-05-01 00:22:03"
824;34;7;"2022-05-01 00:22:03";"2022-05-01 00:22:03"
825;80;5;"2022-05-01 00:22:03";"2022-05-01 00:22:03"
826;239;6;"2022-05-01 00:22:03";"2022-05-01 00:22:03"
827;96;3;"2022-05-01 00:22:03";"2022-05-01 00:22:03"
828;188;2;"2022-05-01 00:22:03";"2022-05-01 00:22:03"
829;176;5;"2022-05-01 00:22:03";"2022-05-01 00:22:03"
830;289;3;"2022-05-01 00:22:03";"2022-05-01 00:22:03"
831;105;1;"2022-05-01 00:22:03";"2022-05-01 00:22:03"
832;2;7;"2022-05-01 00:22:03";"2022-05-01 00:22:03"
833;349;3;"2022-05-01 00:22:03";"2022-05-01 00:22:03"
834;423;8;"2022-05-01 00:22:03";"2022-05-01 00:22:03"
835;347;7;"2022-05-01 00:22:03";"2022-05-01 00:22:03"
836;87;5;"2022-05-01 00:22:03";"2022-05-01 00:22:03"
837;291;6;"2022-05-01 00:22:03";"2022-05-01 00:22:03"
838;219;9;"2022-05-01 00:22:03";"2022-05-01 00:22:03"
839;314;5;"2022-05-01 00:22:03";"2022-05-01 00:22:03"
840;28;1;"2022-05-01 00:22:03";"2022-05-01 00:22:03"
841;179;6;"2022-05-01 00:22:03";"2022-05-01 00:22:03"
842;311;2;"2022-05-01 00:22:03";"2022-05-01 00:22:03"
843;232;10;"2022-05-01 00:22:03";"2022-05-01 00:22:03"
844;72;1;"2022-05-01 00:22:03";"2022-05-01 00:22:03"
845;201;5;"2022-05-01 00:22:03";"2022-05-01 00:22:03"
846;71;4;"2022-05-01 00:22:03";"2022-05-01 00:22:03"
847;70;1;"2022-05-01 00:22:03";"2022-05-01 00:22:03"
848;389;1;"2022-05-01 00:22:03";"2022-05-01 00:22:03"
849;272;4;"2022-05-01 00:22:03";"2022-05-01 00:22:03"
850;126;8;"2022-05-01 00:22:03";"2022-05-01 00:22:03"
851;402;2;"2022-05-01 00:22:03";"2022-05-01 00:22:03"
852;350;9;"2022-05-01 00:22:03";"2022-05-01 00:22:03"
853;269;3;"2022-05-01 00:22:03";"2022-05-01 00:22:03"
854;371;8;"2022-05-01 00:22:03";"2022-05-01 00:22:03"
855;340;8;"2022-05-01 00:22:03";"2022-05-01 00:22:03"
856;423;5;"2022-05-01 00:22:03";"2022-05-01 00:22:03"
857;293;3;"2022-05-01 00:22:03";"2022-05-01 00:22:03"
858;98;4;"2022-05-01 00:22:03";"2022-05-01 00:22:03"
859;396;5;"2022-05-01 00:22:03";"2022-05-01 00:22:03"
860;200;10;"2022-05-01 00:22:03";"2022-05-01 00:22:03"
861;337;6;"2022-05-01 00:22:03";"2022-05-01 00:22:03"
862;153;10;"2022-05-01 00:22:03";"2022-05-01 00:22:03"
863;296;6;"2022-05-01 00:22:03";"2022-05-01 00:22:03"
864;71;2;"2022-05-01 00:22:03";"2022-05-01 00:22:03"
865;179;10;"2022-05-01 00:22:03";"2022-05-01 00:22:03"
866;32;5;"2022-05-01 00:22:03";"2022-05-01 00:22:03"
867;178;6;"2022-05-01 00:22:03";"2022-05-01 00:22:03"
868;379;2;"2022-05-01 00:22:03";"2022-05-01 00:22:03"
869;97;1;"2022-05-01 00:22:03";"2022-05-01 00:22:03"
870;24;9;"2022-05-01 00:22:03";"2022-05-01 00:22:03"
871;148;2;"2022-05-01 00:22:03";"2022-05-01 00:22:03"
872;58;9;"2022-05-01 00:22:03";"2022-05-01 00:22:03"
873;326;2;"2022-05-01 00:22:03";"2022-05-01 00:22:03"
874;390;3;"2022-05-01 00:22:03";"2022-05-01 00:22:03"
875;41;10;"2022-05-01 00:22:03";"2022-05-01 00:22:03"
876;61;9;"2022-05-01 00:22:03";"2022-05-01 00:22:03"
877;273;9;"2022-05-01 00:22:03";"2022-05-01 00:22:03"
878;354;1;"2022-05-01 00:22:03";"2022-05-01 00:22:03"
879;130;8;"2022-05-01 00:22:03";"2022-05-01 00:22:03"
880;68;1;"2022-05-01 00:22:03";"2022-05-01 00:22:03"
881;258;10;"2022-05-01 00:22:03";"2022-05-01 00:22:03"
882;118;7;"2022-05-01 00:22:03";"2022-05-01 00:22:03"
883;234;10;"2022-05-01 00:22:03";"2022-05-01 00:22:03"
884;88;2;"2022-05-01 00:22:03";"2022-05-01 00:22:03"
885;279;10;"2022-05-01 00:22:03";"2022-05-01 00:22:03"
886;352;1;"2022-05-01 00:22:03";"2022-05-01 00:22:03"
887;1;2;"2022-05-01 14:13:44";"2022-05-01 14:13:44"
